model,split_type,accuracy,precision,recall,f1_score,roc_auc
SVM,5_fold_cv,0.7909090909090908,0.7948051948051947,0.9882352941176471,0.8807017543859649,0.7439869281045752
XGBoost,5_fold_cv,0.7636363636363637,0.8010776942355889,0.9307189542483659,0.8602655286865813,0.6030392156862746
Random Forest,5_fold_cv,0.7545454545454545,0.7875119617224879,0.9424836601307189,0.856826056826057,0.6270915032679738
Neural Network,5_fold_cv,0.7363636363636363,0.8067105263157895,0.8718954248366014,0.8368550368550369,0.6266013071895425
